,id,kw
0,271,['English']
1,29175,['films']
2,18930,['films']
3,31758,['films']
4,8041,['deaths']
5,6267,['American']
6,25145,['films']
7,3532,['American']
8,3008,['1917']
9,16039,['actors']
10,30068,['films']
11,32326,['films']
12,2716,['Canadian']
13,3853,['actors']
14,32823,['films']
15,11066,['actors']
16,4558,['American']
17,21104,['films']
18,20976,['films']
19,29179,['films']
20,18210,['films']
21,17035,['films']
22,26402,['films']
23,1012,['American']
24,7814,['American']
25,25414,['films']
26,8248,['American']
27,4608,['Australian']
28,24227,['films']
29,12029,['English']
30,8627,['Canadian']
31,22175,['films']
32,15963,['Female']
33,9320,['American']
34,25580,['films']
35,27232,['films']
36,22527,['films']
37,15647,['American']
38,7578,['screens']
39,4386,['American']
40,26309,['films']
41,24503,['films']
42,11331,['British']
43,5573,['American']
44,27084,['films']
45,28915,['films']
46,4787,['American']
47,31437,['films']
48,3064,['American']
49,24562,['films']
50,4663,['actors']
51,18814,['films']
52,21933,['films']
53,16836,['Everynight']
54,15949,['American']
55,25090,['films']
56,26368,['films']
57,16677,['films']
58,5975,['Canadian']
59,19730,['films']
60,7545,['American']
61,17759,['films']
62,24276,['television']
63,23475,['films']
64,4551,['actors']
65,5456,['actors']
66,23382,['films']
67,10922,['alumni']
68,33516,['films']
69,28620,['films']
70,386,['Canadian']
71,17501,['films']
72,25443,['films']
73,8144,['American']
74,20595,['films']
75,25562,['films']
76,8941,['French']
77,33520,['films']
78,24816,['films']
79,3946,['actors']
80,8450,['Eastman']
81,16684,['films']
82,32257,['films']
83,9210,['American']
84,11230,['winners']
85,25877,['1947']
86,8493,['American']
87,12745,['actors']
88,25554,['films']
89,6558,['1916']
90,10424,['Filipino']
91,13734,['1896']
92,27253,['films']
93,17273,['films']
94,24286,['films']
95,15210,['American']
96,25751,['films']
97,26237,['films']
98,2846,['American']
99,12932,['American']
100,18221,['films']
101,3137,['American']
102,4524,['British']
103,4324,['Canadian']
104,24872,['films']
105,3811,['English']
106,29003,['films']
107,20876,['films']
108,12133,['Dutch']
109,13523,['actors']
110,15823,['1912']
111,23266,['films']
112,1533,['American']
113,11101,['American']
114,14957,['actors']
115,1490,['Award']
116,29012,['films']
117,6844,['American']
118,5741,['American']
119,29447,['films']
120,30502,['films']
121,2986,['English']
122,5468,['English']
123,5690,['American']
124,3903,['American']
125,32096,['films']
126,11957,['American']
127,9742,['American']
128,2721,['American']
129,184,['LGBT']
130,13571,['French']
131,24660,['films']
132,25404,['films']
133,2063,['American']
134,12289,['British']
135,20038,['films']
136,30435,['films']
137,21092,['films']
138,16763,['films']
139,33975,['films']
140,31512,['films']
141,14454,['American']
142,25589,['films']
143,27020,['2002']
144,18870,['films']
145,17430,['films']
146,1602,['British']
147,30965,['films']
148,26581,['films']
149,18835,['films']
150,22059,['films']
151,10172,['English']
152,23949,['2005']
153,162,['Japanese']
154,2359,['people']
155,17760,['films']
156,27485,['films']
157,30409,['films']
158,31610,['films']
159,31285,['films']
160,17745,['films']
161,11171,['Canadian']
162,2964,['American']
163,9177,['Scottish']
164,14072,['actors']
165,11395,['English']
166,18935,['films']
167,19933,['films']
168,6535,['Texas']
169,14448,['Kentucky']
170,274,['English']
171,14813,['actors']
172,21127,['films']
173,3010,['actors']
174,9204,['actors']
175,21968,['films']
176,6299,['American']
177,3094,['1886']
178,33176,['films']
179,21058,['films']
180,7975,['Americans']
181,3251,['English']
182,5080,['Altporn']
183,3473,['American']
184,16527,['films']
185,22516,['films']
186,31125,['films']
187,11515,['American']
188,25586,['television']
189,33542,['films']
190,17024,['films']
191,24897,['films']
192,23969,['films']
193,1722,['American']
194,9587,['American']
195,6187,['American']
196,20437,['films']
197,13138,['actors']
198,20977,['films']
199,21286,['films']
200,21276,['films']
201,32548,['films']
202,872,['American']
203,2807,['Irish']
204,21412,['films']
205,30637,['films']
206,24974,['films']
207,14124,['American']
208,2920,['American']
209,16608,['films']
210,2455,['English']
211,5447,['Award']
212,4942,['American']
213,691,['American']
214,13155,['American']
215,13198,['Mexican']
216,10824,['American']
217,19562,['films']
218,3141,['deaths']
219,7791,['American']
220,33104,['films']
221,25563,['Science']
222,4447,['English']
223,21679,['films']
224,13758,['Colombian']
225,13587,['Ohio']
226,9035,['actors']
227,16752,['films']
228,19917,['films']
229,7101,['American']
230,497,['Asian']
231,4605,['American']
232,25316,['television']
233,22584,['films']
234,4650,['New']
235,2973,['American']
236,30348,['films']
237,4482,['Angelis']
238,11509,['American']
239,7164,['American']
240,2037,['American']
241,17009,['films']
242,15923,['actors']
243,21471,['films']
244,30990,['films']
245,3399,['American']
246,15468,['English']
247,17132,['films']
248,13063,['American']
249,26479,['films']
250,25310,['films']
251,28083,['films']
252,6972,['American']
253,18313,['films']
254,10069,['American']
255,20768,['films']
256,32245,['Red']
257,3363,['Chinese']
258,4468,['Canadian']
259,33706,['films']
260,3892,['actors']
261,10486,['American']
262,9000,['American']
263,4260,['Soviet']
264,25149,['films']
265,23153,['films']
266,40,['British']
267,17937,['films']
268,27535,['films']
269,25029,['films']
270,21721,['films']
271,25377,['films']
272,13506,['American']
273,33992,['films']
274,18195,['films']
275,25961,['films']
276,24244,['films']
277,2289,['Filipino']
278,30788,['films']
279,9601,['actors']
280,4725,['people']
281,18326,['films']
282,356,['1966']
283,19506,['films']
284,1108,['actors']
285,33230,['films']
286,24586,['films']
287,2940,['actors']
288,21338,['films']
289,29778,['films']
290,219,['actors']
291,24295,['2006']
292,31106,['films']
293,1909,['American']
294,28090,['films']
295,30064,['films']
296,18828,['films']
297,25380,['1955']
298,6436,['1937']
299,18298,['films']
300,2559,['Parazzo']
301,13029,['actors']
302,19995,['films']
303,23609,['films']
304,16806,['films']
305,4583,['Douglas']
306,33016,['films']
307,19945,['films']
308,14225,['Australian']
309,13882,['Sandoval']
310,28821,['films']
311,24281,['films']
312,6417,['1981']
313,16750,['films']
314,30755,['films']
315,14574,['American']
316,6592,['actors']
317,22263,['television']
318,10968,['American']
319,25283,['1980s']
320,354,['Dutch']
321,27391,['Anime']
322,15971,['actors']
323,7944,['actors']
324,12863,['American']
325,391,['actors']
326,27871,['films']
327,33811,['2008']
328,8280,['American']
329,483,['American']
330,11250,['English']
331,24584,['films']
332,36,['American']
333,33045,['films']
334,1162,['American']
335,14369,['American']
336,32495,['films']
337,22668,['films']
338,33807,['films']
339,17001,['Films']
340,17763,['films']
341,16407,['films']
342,11421,['American']
343,8725,['American']
344,28660,['films']
345,4889,['English']
346,21701,['films']
347,7311,['American']
348,230,['American']
349,10536,['film']
350,24507,['films']
351,29275,['films']
352,22890,['films']
353,10363,['actors']
354,16544,['films']
355,14307,['German']
356,18037,['films']
357,6776,['1980']
358,26600,['films']
359,16555,['films']
360,24202,['films']
361,24447,['films']
362,31071,['films']
363,23945,['films']
364,33203,['films']
365,25953,['films']
366,7216,['English']
367,11179,['American']
368,12539,['American']
369,12679,['American']
370,10952,['Scottish']
371,1863,['1918']
372,31078,['films']
373,30661,['films']
374,13104,['English']
375,16962,['films']
376,19446,['films']
377,1455,['American']
378,29471,['films']
379,16999,['films']
380,772,['Russian']
381,10342,['English']
382,19332,['films']
383,28,['English']
384,29802,['films']
385,4887,['American']
386,16268,['films']
387,64,['actors']
388,15283,['American']
389,22616,['films']
390,20633,['Films']
391,13445,['Texas']
392,25867,['films']
393,33121,['films']
394,22127,['films']
395,72,['Australian']
396,20231,['films']
397,17766,['films']
398,8923,['German']
399,11636,['actors']
400,30230,['films']
401,350,['Maysles']
402,17869,['films']
403,31636,['films']
404,30453,['films']
405,24054,['films']
406,20705,['films']
407,25749,['films']
408,23012,['films']
409,1961,['American']
410,18704,['films']
411,2380,['People']
412,3417,['actors']
413,10002,['American']
414,30467,['films']
415,707,['1912']
416,16892,['films']
417,14114,['American']
418,26268,['films']
419,22446,['films']
420,18678,['films']
421,4769,['actors']
422,21648,['films']
423,30754,['films']
424,33545,['2009']
425,8128,['American']
426,1668,['English']
427,8920,['American']
428,12810,['Indian']
429,19594,['films']
430,7294,['winners']
431,26596,['films']
432,11059,['Florida']
433,31219,['films']
434,22892,['films']
435,25084,['2004']
436,25952,['films']
437,6243,['people']
438,25548,['films']
439,11713,['film']
440,16131,['1990']
441,25612,['films']
442,8199,['American']
443,16861,['films']
444,29536,['films']
445,25170,['films']
446,11778,['1900']
447,23778,['films']
448,30309,['films']
449,28960,['films']
450,23259,['films']
451,23472,['films']
452,5108,['1930']
453,16875,['films']
454,9842,['American']
455,14001,['People']
456,20619,['films']
457,21263,['films']
458,32330,['films']
459,5458,['American']
460,16202,['1939']
461,27096,['films']
462,1506,['American']
463,7834,['Canadian']
464,24057,['films']
465,32499,['films']
466,16234,['American']
467,31119,['films']
468,29416,['films']
469,17371,['films']
470,7908,['Syrian']
471,30658,['films']
472,32121,['films']
473,269,['fiction']
474,7946,['American']
475,8468,['porn']
476,284,['Lansing']
477,26197,['films']
478,6383,['McCracken']
479,1312,['Farrelly']
480,23041,['films']
481,12547,['Austrian']
482,1370,['Canadian']
483,30019,['films']
484,31577,['films']
485,23338,['films']
486,28931,['films']
487,18507,['films']
488,11653,['English']
489,3769,['New']
490,26974,['films']
491,16233,['people']
492,10940,['American']
493,30750,['films']
494,10525,['American']
495,9242,['Australian']
496,25413,['films']
497,32341,['films']
498,25094,['films']
499,2743,['American']
500,5476,['Thaine']
501,21113,['films']
502,21964,['films']
503,22885,['films']
504,2713,['American']
505,21134,['films']
506,11366,['actors']
507,18290,['Girls']
508,27158,['films']
509,26542,['films']
510,829,['American']
511,17506,['films']
512,20750,['films']
513,7179,['1910']
514,30282,['films']
515,25248,['films']
516,20234,['films']
517,17331,['films']
518,3423,['Mexican']
519,23543,['films']
520,29106,['films']
521,27807,['films']
522,4381,['Canadian']
523,18850,['Land']
524,31779,['films']
525,19248,['films']
526,22877,['films']
527,194,['actors']
528,15200,['Canadian']
529,13706,['American']
530,25311,['films']
531,5040,['South']
532,3580,['American']
533,14484,['American']
534,28786,['films']
535,32937,['films']
536,9016,['actors']
537,11340,['American']
538,25128,['films']
539,23834,['films']
540,17919,['films']
541,27457,['films']
542,998,['Franklin']
543,31379,['films']
544,18471,['films']
545,25190,['films']
546,8589,['film']
547,24837,['films']
548,15575,['American']
549,22091,['films']
550,8421,['African']
551,7590,['American']
552,13348,['American']
553,10246,['actors']
554,8927,['American']
555,13852,['American']
556,11068,['American']
557,5234,['French']
558,9541,['American']
559,32018,['films']
560,12451,['Australian']
561,395,['1967']
562,9391,['American']
563,4494,['American']
564,12923,['American']
565,5251,['American']
566,7420,['actors']
567,21771,['films']
568,27634,['films']
569,32993,['films']
570,24432,['films']
571,33667,['films']
572,4549,['Canadian']
573,29508,['films']
574,1770,['LGBT']
575,31092,['films']
576,1406,['American']
577,8067,['American']
578,6257,['LGBT']
579,17325,['films']
580,30381,['films']
581,27580,['films']
582,17595,['films']
583,12663,['American']
584,13649,['Americans']
585,1274,['English']
586,16633,['films']
587,8372,['actors']
588,2159,['1952']
589,2540,['American']
590,1390,['Welsh']
591,20197,['films']
592,15370,['Fiona']
593,19637,['films']
594,2573,['American']
595,10989,['actors']
596,3172,['film']
597,25378,['Independent']
598,30201,['films']
599,21316,['films']
600,8638,['births']
601,22422,['films']
602,9654,['American']
603,16719,['films']
604,4791,['American']
605,29622,['films']
606,2208,['people']
607,27777,['films']
608,8716,['American']
609,26378,['films']
610,2593,['British']
611,9544,['American']
612,31382,['films']
613,13101,['Canadian']
614,32368,['films']
615,21346,['films']
616,5740,['1985']
617,1444,['American']
618,30414,['films']
619,20215,['films']
620,31198,['films']
621,6791,['American']
622,19733,['films']
623,22795,['films']
624,20736,['films']
625,14450,['American']
626,5865,['Alaska']
627,1562,['American']
628,27140,['films']
629,29309,['films']
630,20061,['films']
631,16739,['films']
632,4485,['Australian']
633,24984,['films']
634,5323,['American']
635,22395,['films']
636,2028,['French']
637,10701,['actors']
638,26465,['films']
639,7025,['Jewish']
640,16559,['films']
641,24292,['films']
642,27434,['films']
643,14745,['actors']
644,9734,['English']
645,1396,['American']
646,13417,['American']
647,28524,['films']
648,11635,['American']
649,4677,['English']
650,11232,['American']
651,1839,['YouTube']
652,33934,['films']
653,18852,['films']
654,15572,['actors']
655,5999,['Scottish']
656,20558,['films']
657,2348,['English']
658,23647,['films']
659,13558,['New']
660,3985,['Walthall']
661,4992,['people']
662,25857,['Parody']
663,23094,['films']
664,19394,['films']
665,9103,['actors']
666,26018,['films']
667,14790,['Conn']
668,26989,['films']
669,4118,['English']
670,3954,['American']
671,19448,['films']
672,17996,['films']
673,13400,['American']
674,4746,['actors']
675,4913,['American']
676,27417,['films']
677,3496,['American']
678,18576,['films']
679,17176,['films']
680,8333,['American']
681,10954,['actors']
682,11248,['American']
683,26938,['films']
684,11394,['Canadian']
685,1810,['Ballerinas']
686,19844,['films']
687,18625,['films']
688,26496,['films']
689,18448,['films']
690,8675,['Canadian']
691,6240,['American']
692,31851,['films']
693,6690,['American']
694,8455,['actors']
695,29316,['films']
696,19490,['films']
697,12872,['American']
698,33418,['films']
699,19151,['films']
700,8529,['Calabro']
701,26983,['films']
702,31545,['films']
703,26824,['films']
704,0,['American']
705,2696,['actors']
706,30410,['films']
707,11137,['actors']
708,11315,['American']
709,15144,['actors']
710,22212,['films']
711,26061,['films']
712,25068,['films']
713,21991,['films']
714,31910,['films']
715,28593,['films']
716,20128,['films']
717,22381,['films']
718,9727,['actors']
719,25077,['films']
720,8480,['American']
721,5856,['English']
722,13672,['American']
723,14583,['American']
724,29451,['films']
725,6794,['American']
726,26605,['films']
727,570,['people']
728,20142,['films']
729,19888,['films']
730,27264,['films']
731,26700,['films']
732,11252,['English']
733,280,['actors']
734,11928,['American']
735,15689,['American']
736,28544,['films']
737,11525,['actors']
738,32463,['films']
739,21962,['films']
740,23060,['films']
741,3019,['people']
742,23620,['films']
743,30736,['films']
744,13089,['animal']
745,376,['actors']
746,9058,['Canadian']
747,31959,['films']
748,10452,['French']
749,4730,['actors']
750,197,['American']
751,19765,['films']
752,27082,['films']
753,2279,['deaths']
754,692,['American']
755,11409,['American']
756,12605,['American']
757,15661,['film']
758,32743,['films']
759,25660,['films']
760,7579,['Coen']
761,23998,['films']
762,19325,['films']
763,18125,['films']
764,9577,['American']
765,27263,['films']
766,19841,['films']
767,1348,['American']
768,28497,['films']
769,11869,['American']
770,33051,['films']
771,29516,['films']
772,31242,['films']
773,764,['Bronx']
774,18328,['films']
775,20986,['films']
776,11927,['Spanish']
777,30536,['films']
778,12790,['American']
779,7380,['1970']
780,10380,['novelists']
781,8798,['American']
782,11668,['film']
783,583,['Polish']
784,4360,['actors']
785,4166,['actors']
786,5823,['actors']
787,2628,['American']
788,27269,['films']
789,30485,['films']
790,22215,['films']
791,33800,['films']
792,9327,['American']
793,131,['American']
794,17382,['films']
795,32364,['films']
796,7157,['American']
797,17123,['films']
798,28813,['films']
799,30322,['films']
800,11145,['1899']
801,19840,['films']
802,32465,['films']
803,7650,['people']
804,20170,['films']
805,3832,['1884']
806,14129,['Manchester']
807,1985,['American']
808,24624,['films']
809,12203,['American']
810,22675,['films']
811,15512,['American']
812,1897,['Canadian']
813,28442,['films']
814,5186,['American']
815,13454,['American']
816,1238,['actors']
817,34062,['1948']
818,27233,['films']
819,4037,['American']
820,6281,['American']
821,30137,['films']
822,8076,['American']
823,14035,['groups']
824,9133,['American']
825,31053,['New']
826,29113,['films']
827,7744,['American']
828,34233,['comedy']
829,26450,['films']
830,15730,['players']
831,4685,['Thai']
832,17929,['films']
833,14498,['Filipino']
834,33344,['films']
835,1830,['American']
836,29975,['films']
837,149,['actors']
838,628,['English']
839,663,['American']
840,22701,['films']
841,3723,['English']
842,29465,['films']
843,27816,['films']
844,31041,['films']
845,15300,['German']
846,7595,['actors']
847,31739,['films']
848,30018,['films']
849,31131,['films']
850,14525,['1957']
851,2390,['American']
852,21735,['films']
853,10308,['American']
854,11538,['American']
855,4238,['English']
856,27354,['films']
857,11049,['American']
858,21698,['films']
859,22893,['films']
860,32783,['films']
861,14719,['Norwegian']
862,31843,['films']
863,31544,['films']
864,23583,['films']
865,6651,['English']
866,28293,['films']
867,11042,['Canadian']
868,2406,['Comedians']
869,23078,['films']
870,9120,['1960']
871,20576,['films']
872,13358,['American']
873,20814,['films']
874,16556,['films']
875,13053,['American']
876,13065,['actors']
877,20483,['films']
878,1097,['Irish']
879,13126,['American']
880,30001,['films']
881,19512,['films']
882,9025,['Tobias']
883,26007,['films']
884,20196,['films']
885,33572,['films']
886,22326,['films']
887,13582,['American']
888,32406,['films']
889,6386,['American']
890,27530,['films']
891,27247,['films']
892,26359,['films']
893,16738,['winners']
894,999,['American']
895,17850,['Films']
896,27824,['films']
897,6861,['English']
898,6729,['American']
899,7599,['American']
900,26563,['films']
901,1333,['Australian']
902,28200,['films']
903,23625,['films']
904,14620,['American']
905,27603,['films']
906,8260,['People']
907,21455,['films']
908,30659,['films']
909,16105,['American']
910,11362,['actors']
911,21438,['films']
912,16173,['American']
913,1912,['Italian']
914,7129,['American']
915,12318,['American']
916,19926,['films']
917,29089,['films']
918,973,['1973']
919,33487,['films']
920,21920,['films']
921,4074,['New']
922,34057,['1930']
923,12549,['actors']
924,24287,['Films']
925,17711,['films']
926,26892,['films']
927,5593,['American']
928,258,['American']
929,26533,['films']
930,28482,['films']
931,27492,['2006']
932,20812,['films']
933,33599,['films']
934,31730,['films']
935,32668,['films']
936,17421,['films']
937,14014,['1889']
938,11901,['1969']
939,25181,['American']
940,14313,['American']
941,17375,['Films']
942,29543,['films']
943,11671,['poets']
944,14231,['actors']
945,31260,['films']
946,4697,['actors']
947,17021,['films']
948,27366,['films']
949,13861,['actors']
950,22380,['films']
951,5150,['English']
952,7586,['American']
953,33869,['films']
954,19705,['films']
955,17908,['films']
956,5172,['African']
957,23139,['films']
958,15846,['actors']
959,17940,['films']
960,33830,['1979']
961,3525,['American']
962,10257,['actors']
963,7139,['English']
964,27101,['films']
965,24382,['2006']
966,545,['American']
967,5023,['people']
968,790,['American']
969,14776,['Canadian']
970,32527,['1948']
971,30105,['1985']
972,28581,['films']
973,3020,['actors']
974,8219,['actors']
975,28932,['films']
976,21045,['Australian']
977,12105,['Hungarian']
978,15896,['American']
979,1800,['actors']
980,27422,['films']
981,14494,['film']
982,4043,['Maynard']
983,13304,['American']
984,2686,['American']
985,7539,['American']
986,231,['American']
987,27793,['films']
988,30308,['films']
989,32252,['films']
990,3860,['American']
991,9385,['American']
992,24385,['films']
993,29796,['films']
994,26827,['films']
995,8297,['Canadian']
996,17502,['films']
997,2220,['1983']
998,10489,['American']
999,16546,['films']
1000,16362,['films']
1001,24379,['Films']
1002,2555,['American']
1003,23262,['films']
1004,26396,['films']
1005,22444,['films']
1006,11565,['Canadian']
1007,29163,['films']
1008,30442,['films']
1009,13958,['Living']
1010,8346,['American']
1011,33438,['films']
1012,2978,['American']
1013,1819,['actors']
1014,19806,['films']
1015,19003,['films']
1016,5843,['Scottish']
1017,27452,['films']
1018,4433,['actors']
1019,17057,['films']
1020,25740,['Sexploitation']
1021,14352,['1935']
1022,26130,['Star']
1023,7851,['Sitka']
1024,33062,['films']
1025,15466,['American']
1026,29644,['films']
1027,23518,['films']
1028,27972,['films']
1029,26616,['films']
1030,15741,['Filmmakers']
1031,10000,['Burmese']
1032,2928,['American']
1033,763,['Canadian']
1034,12624,['Davis']
1035,24071,['films']
1036,10055,['American']
1037,806,['American']
1038,10462,['Actors']
1039,31981,['films']
1040,24462,['Films']
1041,19530,['films']
1042,12489,['actors']
1043,12665,['American']
1044,15183,['people']
1045,12410,['English']
1046,27290,['films']
1047,4629,['American']
1048,27062,['films']
1049,23081,['films']
1050,27254,['films']
1051,17647,['films']
1052,26087,['films']
1053,18297,['films']
1054,17080,['films']
1055,26474,['films']
1056,6837,['1912']
1057,12122,['actors']
1058,31336,['films']
1059,11952,['1960']
1060,32385,['films']
1061,33507,['films']
1062,33417,['films']
1063,8489,['1960']
1064,65,['American']
1065,500,['actors']
1066,21894,['films']
1067,20242,['films']
1068,26484,['films']
1069,25268,['films']
1070,25728,['television']
1071,6231,['actors']
1072,31085,['films']
1073,8900,['Italian']
1074,29047,['films']
1075,19088,['films']
1076,32711,['films']
1077,5640,['American']
1078,29895,['films']
1079,16436,['films']
1080,5140,['English']
1081,21137,['films']
1082,12483,['British']
1083,19025,['films']
1084,24686,['films']
1085,23931,['films']
1086,4849,['American']
1087,22425,['films']
1088,27973,['films']
1089,2206,['American']
1090,20025,['films']
1091,32689,['films']
1092,10437,['French']
1093,3490,['1977']
1094,26833,['films']
1095,23705,['films']
1096,2760,['people']
1097,14528,['English']
1098,12214,['Living']
1099,15500,['actors']
1100,19211,['films']
1101,13341,['American']
1102,10957,['actors']
1103,9539,['English']
1104,3429,['American']
1105,5081,['American']
1106,31906,['films']
1107,9150,['German']
1108,19767,['1981']
1109,885,['1932']
1110,11327,['English']
1111,32250,['films']
1112,30092,['films']
1113,14090,['American']
1114,6980,['League']
1115,23639,['films']
1116,32511,['films']
1117,26254,['films']
1118,20603,['films']
1119,26178,['films']
1120,25705,['films']
1121,28832,['films']
1122,12986,['Irish']
1123,30384,['films']
1124,31079,['films']
1125,15610,['American']
1126,28097,['films']
1127,12118,['winners']
1128,21524,['films']
1129,6698,['actors']
1130,18647,['films']
1131,32008,['films']
1132,20090,['films']
1133,22720,['films']
1134,28887,['films']
1135,26960,['films']
1136,2553,['New']
1137,10632,['American']
1138,17614,['films']
1139,15683,['American']
1140,12751,['Scottish']
1141,26802,['films']
1142,28197,['films']
1143,22582,['films']
1144,23488,['films']
1145,2321,['American']
1146,14311,['American']
1147,18825,['films']
1148,34042,['1946']
1149,30505,['films']
1150,9614,['Australian']
1151,25284,['films']
1152,14331,['1890']
1153,16273,['films']
1154,30323,['films']
1155,11069,['University']
1156,19453,['films']
1157,28125,['films']
1158,9435,['American']
1159,32585,['films']
1160,3361,['Maltese']
1161,1331,['American']
1162,9407,['Australian']
1163,968,['American']
1164,24647,['films']
1165,30600,['films']
1166,6993,['American']
1167,31277,['films']
1168,23255,['films']
1169,22176,['films']
1170,6871,['Living']
1171,6618,['Swedish']
1172,28015,['films']
1173,9348,['American']
1174,6586,['Filipino']
1175,20786,['films']
1176,22284,['films']
1177,1129,['Canadian']
1178,5597,['1971']
1179,2577,['American']
1180,22468,['films']
1181,22072,['films']
1182,5820,['British']
1183,31156,['films']
1184,30686,['films']
1185,7693,['American']
1186,27716,['films']
1187,31796,['films']
1188,8413,['American']
1189,26144,['films']
1190,10367,['American']
1191,29497,['films']
1192,30299,['films']
1193,1878,['Americans']
1194,6717,['American']
1195,6784,['American']
1196,11027,['American']
1197,6907,['actors']
1198,2910,['1889']
1199,21230,['films']
1200,9820,['American']
1201,14429,['American']
1202,23712,['films']
1203,6827,['1964']
1204,22817,['films']
1205,7720,['American']
1206,10388,['actors']
1207,21959,['films']
1208,11517,['English']
1209,13508,['American']
1210,26447,['films']
1211,6216,['actors']
1212,28547,['films']
1213,2420,['American']
1214,7854,['Afrikaans']
1215,1581,['American']
1216,17684,['films']
1217,14057,['Filipino']
1218,485,['American']
1219,6039,['American']
1220,28429,['films']
1221,32736,['films']
1222,6404,['Canadian']
1223,19374,['films']
1224,16545,['films']
1225,14592,['American']
1226,22654,['films']
1227,16164,['actors']
1228,31214,['American']
1229,5523,['American']
1230,18302,['films']
1231,27116,['films']
1232,30663,['films']
1233,27167,['2008']
1234,16225,['actors']
1235,9558,['1970']
1236,24988,['films']
1237,5745,['Puerto']
1238,28038,['films']
1239,5473,['people']
1240,16769,['films']
1241,6583,['American']
1242,10594,['American']
1243,24548,['films']
1244,22685,['films']
1245,6948,['Best']
1246,17092,['films']
1247,31694,['films']
1248,12983,['Canadian']
1249,10542,['actors']
1250,25616,['films']
1251,25271,['films']
1252,4227,['American']
1253,6303,['1944']
1254,13202,['actors']
1255,32930,['films']
1256,23064,['films']
1257,7788,['1950']
1258,4212,['American']
1259,30154,['films']
1260,16993,['films']
1261,2599,['actors']
1262,28170,['films']
1263,18394,['films']
1264,19350,['films']
1265,31433,['films']
1266,15721,['actors']
1267,32778,['films']
1268,32683,['films']
1269,21257,['films']
1270,21095,['films']
1271,4194,['Canadian']
1272,3995,['American']
1273,23225,['films']
1274,28807,['films']
1275,18035,['films']
1276,20335,['films']
1277,17733,['films']
1278,4116,['actors']
1279,3721,['Canadian']
1280,25319,['films']
1281,6127,['Canadian']
1282,10618,['1973']
1283,1900,['American']
1284,26387,['films']
1285,33899,['films']
1286,29493,['films']
1287,26245,['films']
1288,16379,['films']
1289,27110,['films']
1290,18657,['films']
1291,21082,['films']
1292,7517,['American']
1293,25452,['films']
1294,24018,['films']
1295,34084,['language']
1296,29140,['films']
1297,25564,['films']
1298,33363,['films']
1299,3436,['Craven']
1300,18831,['films']
1301,4864,['Jules']
1302,22698,['films']
1303,1587,['1948']
1304,5417,['deaths']
1305,18235,['films']
1306,1411,['actors']
1307,20712,['films']
1308,24695,['films']
1309,20043,['films']
1310,4580,['actors']
1311,16991,['films']
1312,26155,['films']
1313,14059,['Filipino']
1314,10644,['American']
1315,24997,['films']
1316,26507,['films']
1317,27388,['films']
1318,19476,['films']
1319,4032,['actors']
1320,9950,['American']
1321,12618,['American']
1322,19411,['films']
1323,2639,['American']
1324,17095,['films']
1325,4517,['actors']
1326,11031,['winners']
1327,6213,['film']
1328,13353,['1926']
1329,16267,['films']
1330,23054,['films']
1331,1652,['English']
1332,5265,['American']
1333,17414,['films']
1334,32301,['films']
1335,5872,['actors']
1336,30757,['films']
1337,32412,['films']
1338,2784,['Canadian']
1339,28576,['films']
1340,27696,['films']
1341,1883,['American']
1342,13193,['Canadian']
1343,27931,['films']
1344,13490,['English']
1345,5184,['American']
1346,10007,['1966']
1347,1782,['American']
1348,10509,['American']
1349,28137,['films']
1350,7346,['1930']
1351,24014,['films']
1352,29072,['films']
1353,14798,['actors']
1354,10678,['American']
1355,17266,['films']
1356,6589,['Dutch']
1357,6692,['Texas']
1358,5160,['Scottish']
1359,9988,['Ariel']
1360,20009,['films']
1361,470,['actors']
1362,28609,['films']
1363,3631,['actors']
1364,19345,['films']
1365,33831,['films']
1366,6952,['New']
1367,11273,['actors']
1368,5674,['American']
1369,22123,['films']
1370,15717,['porn']
1371,2167,['American']
1372,32969,['films']
1373,18817,['films']
1374,13876,['1970']
1375,4766,['American']
1376,33218,['films']
1377,27706,['films']
1378,2697,['American']
1379,21186,['films']
1380,2734,['American']
1381,21070,['films']
1382,31321,['films']
1383,12173,['American']
1384,29549,['films']
1385,24118,['films']
1386,8985,['British']
1387,32276,['films']
1388,24341,['films']
1389,29018,['films']
1390,15920,['People']
1391,7205,['American']
1392,13043,['fiction']
1393,27561,['films']
1394,4363,['American']
1395,31308,['films']
1396,2384,['American']
1397,6755,['actors']
1398,3662,['Czech']
1399,20615,['films']
1400,15123,['English']
1401,33366,['films']
1402,6548,['English']
1403,17082,['films']
1404,9361,['actors']
1405,5615,['American']
1406,22015,['films']
1407,19785,['films']
1408,140,['actors']
1409,18613,['films']
1410,30076,['2006']
1411,2533,['actors']
1412,29079,['films']
1413,992,['American']
1414,27813,['films']
1415,25658,['films']
1416,6944,['League']
1417,11337,['actors']
1418,11246,['actors']
1419,28242,['films']
1420,17248,['films']
1421,2704,['1892']
1422,16992,['films']
1423,32393,['films']
1424,6798,['1929']
1425,8902,['California']
1426,25674,['films']
1427,6624,['Austrian']
1428,27425,['British']
1429,12906,['American']
1430,8157,['American']
1431,14917,['American']
1432,24146,['films']
1433,24208,['films']
1434,17145,['films']
1435,31944,['films']
1436,2207,['American']
1437,15577,['Irish']
1438,32165,['films']
1439,13108,['deaths']
1440,6498,['Wisher']
1441,860,['American']
1442,13532,['actors']
1443,15850,['American']
1444,6472,['people']
1445,24823,['films']
1446,33100,['films']
1447,12954,['actors']
1448,3543,['actors']
1449,33795,['films']
1450,3558,['American']
1451,10521,['American']
1452,10322,['descent']
1453,6390,['Australian']
1454,6883,['American']
1455,26174,['films']
1456,30604,['films']
1457,27496,['films']
1458,13769,['American']
1459,4702,['American']
1460,18503,['films']
1461,7620,['English']
1462,11274,['American']
1463,14710,['British']
1464,22201,['films']
1465,28983,['films']
1466,15011,['English']
1467,15886,['Austrian']
1468,22938,['films']
1469,13088,['American']
1470,11356,['English']
1471,29687,['films']
1472,27987,['films']
1473,10003,['1973']
1474,25732,['films']
1475,3890,['1961']
1476,16567,['films']
1477,26472,['films']
1478,32905,['films']
1479,14364,['film']
1480,19874,['films']
1481,4748,['actors']
1482,28586,['films']
1483,8910,['Australian']
1484,13107,['Austrian']
1485,10017,['Scottish']
1486,27724,['films']
1487,13139,['American']
1488,19753,['films']
1489,1255,['porn']
1490,27390,['films']
1491,17947,['films']
1492,32207,['films']
1493,30316,['films']
1494,12807,['Canadian']
1495,3260,['actors']
1496,2431,['Australian']
1497,22572,['films']
1498,2293,['Canadian']
1499,19103,['Les']
1500,19216,['films']
1501,26803,['films']
1502,30623,['films']
1503,33069,['films']
1504,11300,['American']
1505,20343,['films']
1506,17808,['films']
1507,20293,['films']
1508,3788,['American']
1509,18145,['films']
1510,9090,['Scottish']
1511,11257,['actors']
1512,8048,['English']
1513,9126,['Living']
1514,9335,['deaths']
1515,33770,['Films']
1516,30695,['films']
1517,33429,['films']
1518,31010,['films']
1519,24625,['1976']
1520,6994,['American']
1521,25590,['films']
1522,6780,['American']
1523,26897,['films']
1524,22651,['films']
1525,22723,['films']
1526,462,['1961']
1527,7892,['American']
1528,32310,['films']
1529,21880,['films']
1530,14578,['actors']
1531,1379,['American']
1532,29898,['films']
1533,9392,['American']
1534,33354,['films']
1535,12720,['1916']
1536,27002,['films']
1537,3990,['Arkansas']
1538,16744,['films']
1539,8050,['American']
1540,19992,['films']
1541,689,['Koontz']
1542,12897,['Ariel']
1543,28462,['films']
1544,22542,['films']
1545,31782,['films']
1546,3133,['American']
1547,8867,['Miss']
1548,20465,['films']
1549,34114,['2006']
1550,4059,['American']
1551,13206,['Australian']
1552,13398,['groups']
1553,14905,['Alumni']
1554,33683,['films']
1555,29432,['films']
1556,30954,['films']
1557,31181,['films']
1558,16311,['films']
1559,4093,['Canadian']
1560,21810,['films']
1561,15325,['actors']
1562,25477,['Metallica']
1563,30081,['films']
1564,26980,['films']
1565,10427,['American']
1566,27705,['films']
1567,23781,['films']
1568,15889,['People']
1569,9556,['Saeed']
1570,22960,['films']
1571,1188,['1979']
1572,25324,['films']
1573,22652,['films']
1574,23914,['films']
1575,4387,['American']
1576,22760,['films']
1577,19746,['films']
1578,14183,['American']
1579,21646,['films']
1580,7285,['American']
1581,26925,['films']
1582,31482,['films']
1583,15426,['Singaporean']
1584,22730,['films']
1585,30628,['films']
1586,204,['American']
1587,19971,['films']
1588,16481,['films']
1589,33882,['films']
1590,32239,['films']
1591,15092,['People']
1592,11726,['American']
1593,680,['Film']
1594,17896,['films']
1595,14809,['American']
1596,31560,['films']
1597,31149,['films']
1598,26059,['films']
1599,18799,['films']
1600,8911,['American']
1601,33526,['films']
1602,26073,['films']
1603,7772,['actors']
1604,6785,['philosophers']
1605,9555,['English']
1606,26905,['films']
1607,7708,['English']
1608,10006,['American']
1609,14532,['American']
1610,5672,['American']
1611,11288,['American']
1612,10861,['actors']
1613,2845,['American']
1614,32452,['films']
1615,24411,['films']
1616,12915,['English']
1617,3751,['American']
1618,16254,['English']
1619,8420,['actors']
1620,23679,['films']
1621,19347,['films']
1622,2757,['English']
1623,1075,['English']
1624,25154,['films']
1625,2701,['French']
1626,29110,['films']
1627,19783,['films']
1628,7857,['American']
1629,7011,['actors']
1630,24753,['films']
1631,15107,['actors']
1632,3979,['American']
1633,24595,['films']
1634,789,['actors']
1635,4409,['Suicides']
1636,21911,['films']
1637,24353,['Documentary']
1638,4036,['People']
1639,12775,['actors']
1640,2695,['1888']
1641,48,['American']
1642,27207,['films']
1643,488,['English']
1644,18692,['films']
1645,23499,['films']
1646,20223,['films']
1647,6682,['American']
1648,17146,['films']
1649,19909,['films']
1650,29993,['films']
1651,29771,['films']
1652,2046,['American']
1653,23100,['films']
1654,25024,['films']
1655,22972,['Young']
1656,20211,['films']
1657,15629,['American']
1658,4451,['American']
1659,27154,['films']
1660,13050,['actors']
1661,25421,['films']
1662,3918,['1976']
1663,28797,['films']
1664,30565,['films']
1665,30480,['films']
1666,8615,['Austrian']
1667,3710,['British']
1668,11367,['American']
1669,7842,['American']
1670,16264,['films']
1671,19728,['films']
1672,20217,['films']
1673,13940,['American']
1674,5013,['People']
1675,15718,['people']
1676,11877,['South']
1677,1334,['Canadian']
1678,27360,['films']
1679,27319,['films']
1680,2188,['Norwegian']
1681,31574,['films']
1682,4185,['Australian']
1683,28267,['films']
1684,34108,['1936']
1685,14569,['English']
1686,23400,['films']
1687,25308,['films']
1688,8998,['Virginia']
1689,14676,['American']
1690,20295,['films']
1691,29913,['films']
1692,8945,['British']
1693,9856,['actors']
1694,30531,['films']
1695,8038,['film']
1696,22526,['films']
1697,28096,['Films']
1698,15972,['American']
1699,17748,['films']
1700,21278,['films']
1701,16974,['films']
1702,18851,['Land']
1703,15087,['People']
1704,30561,['films']
1705,12484,['American']
1706,12542,['American']
1707,33826,['films']
1708,19000,['films']
1709,11153,['Christian']
1710,8266,['American']
1711,14089,['American']
1712,29135,['films']
1713,18230,['films']
1714,33494,['films']
1715,26539,['films']
1716,22700,['films']
1717,22585,['films']
1718,31638,['films']
1719,31995,['films']
1720,19206,['films']
1721,7822,['American']
1722,5381,['American']
1723,16194,['Filipino']
1724,17730,['films']
1725,11342,['English']
1726,4159,['British']
1727,7538,['McGillivray']
1728,33186,['films']
1729,18945,['films']
1730,7301,['1941']
1731,6245,['English']
1732,15130,['American']
1733,15008,['American']
1734,15273,['Living']
1735,2411,['screens']
1736,1262,['Scottish']
1737,15827,['English']
1738,5973,['American']
1739,3966,['American']
1740,33955,['films']
1741,13609,['English']
1742,12276,['American']
1743,28804,['films']
1744,30090,['films']
1745,723,['American']
1746,345,['Walpole']
1747,22368,['films']
1748,24505,['films']
1749,4113,['American']
1750,14979,['American']
1751,24280,['1970']
1752,20357,['films']
1753,26258,['films']
1754,30281,['films']
1755,28145,['films']
1756,7953,['Australian']
1757,29878,['films']
1758,29552,['films']
1759,23752,['films']
1760,7524,['deaths']
1761,13866,['American']
1762,23614,['films']
1763,18562,['films']
1764,16401,['films']
1765,23051,['films']
1766,23483,['films']
1767,30061,['films']
1768,26551,['films']
1769,3562,['1891']
1770,21319,['films']
1771,10465,['British']
1772,13987,['English']
1773,4609,['American']
1774,11233,['actors']
1775,27393,['films']
1776,7644,['English']
1777,24305,['films']
1778,12992,['1956']
1779,34134,['2000s']
1780,5660,['American']
1781,2662,['American']
1782,16366,['films']
1783,7148,['Canadian']
1784,2796,['actors']
1785,15612,['American']
1786,13154,['American']
1787,11739,['people']
1788,29520,['films']
1789,7786,['American']
1790,7088,['1950']
1791,27408,['films']
1792,12608,['1957']
1793,11026,['English']
1794,22919,['films']
1795,22069,['films']
1796,6053,['American']
1797,17738,['films']
1798,20414,['films']
1799,25543,['films']
1800,28133,['films']
1801,19864,['films']
1802,12623,['American']
1803,15555,['players']
1804,15302,['Polish']
1805,19602,['films']
1806,17846,['films']
1807,21855,['films']
1808,6229,['Canadian']
1809,11897,['English']
1810,31915,['films']
1811,32858,['films']
1812,8325,['American']
1813,5658,['American']
1814,22379,['films']
1815,8884,['American']
1816,1298,['German']
1817,25010,['1989']
1818,10860,['American']
1819,14945,['actors']
1820,9770,['Ohio']
1821,27372,['films']
1822,2122,['actors']
1823,30737,['films']
1824,18903,['films']
1825,25692,['films']
1826,20368,['films']
1827,27065,['films']
1828,32535,['films']
1829,13899,['English']
1830,7638,['American']
1831,3607,['English']
1832,20459,['films']
1833,4857,['American']
1834,4525,['American']
1835,19683,['films']
1836,3311,['Bourdos']
1837,3959,['Australian']
1838,22140,['films']
1839,6625,['Norwegian']
1840,17527,['films']
1841,33908,['films']
1842,17338,['films']
1843,4570,['actors']
1844,16743,['films']
1845,1632,['American']
1846,11738,['1970']
1847,19918,['films']
1848,26504,['films']
1849,11182,['1889']
1850,6539,['porn']
1851,27085,['films']
1852,5625,['American']
1853,32848,['films']
1854,5,['American']
1855,23099,['films']
1856,3265,['Israeli']
1857,21922,['Films']
1858,7450,['actors']
1859,21537,['films']
1860,16240,['American']
1861,7397,['American']
1862,12263,['actors']
1863,12553,['actors']
1864,28977,['films']
1865,3844,['American']
1866,25023,['films']
1867,16565,['films']
1868,5322,['University']
1869,5837,['actors']
1870,32212,['films']
1871,372,['Canadian']
1872,16713,['films']
1873,8676,['actors']
1874,7930,['People']
1875,24593,['films']
1876,30875,['films']
1877,6338,['American']
1878,29267,['films']
1879,9457,['Canadian']
1880,4257,['American']
1881,21348,['films']
1882,9440,['Canadian']
1883,18041,['films']
1884,9473,['American']
1885,14657,['Anime']
1886,10022,['1956']
1887,28743,['films']
1888,28822,['films']
1889,12163,['American']
1890,21811,['films']
1891,30326,['films']
1892,30093,['films']
1893,7007,['actors']
1894,20476,['films']
1895,10839,['Canadian']
1896,7833,['American']
1897,2116,['actors']
1898,27865,['films']
1899,23360,['films']
1900,26314,['films']
1901,18137,['films']
1902,30984,['films']
1903,2935,['American']
1904,24000,['films']
1905,11009,['English']
1906,5514,['American']
1907,29196,['films']
1908,17087,['films']
1909,10997,['actors']
1910,17920,['films']
1911,26603,['films']
1912,32438,['films']
1913,16410,['films']
1914,5927,['American']
1915,7162,['people']
1916,32574,['films']
1917,6450,['1932']
1918,34273,['2008']
1919,11669,['American']
1920,7132,['German']
1921,16708,['films']
1922,32691,['films']
1923,12603,['American']
1924,23660,['films']
1925,7821,['American']
1926,18375,['films']
1927,3157,['American']
1928,19941,['films']
1929,5885,['American']
1930,3593,['actors']
1931,26661,['films']
1932,15617,['American']
1933,30830,['films']
1934,16002,['American']
1935,13951,['American']
1936,29854,['films']
1937,15977,['LGBT']
1938,7309,['actors']
1939,22362,['films']
1940,19217,['films']
1941,20650,['films']
1942,29004,['films']
1943,30605,['films']
1944,30501,['films']
1945,18039,['films']
1946,5653,['1907']
1947,31792,['films']
1948,553,['1916']
1949,24921,['films']
1950,17351,['films']
1951,7055,['1971']
1952,14147,['American']
1953,33597,['films']
1954,30683,['films']
1955,13261,['actors']
1956,26826,['films']
1957,33442,['films']
1958,5345,['American']
1959,15287,['American']
1960,7777,['American']
1961,33552,['films']
1962,33490,['films']
1963,24459,['films']
1964,25505,['films']
1965,18718,['films']
1966,7111,['actors']
1967,18936,['films']
1968,9939,['Spano']
1969,19805,['plays']
1970,143,['1904']
1971,25474,['films']
1972,10855,['English']
1973,33262,['films']
1974,29943,['films']
1975,24116,['language']
1976,16306,['films']
1977,18344,['films']
1978,17399,['films']
1979,27027,['films']
1980,26541,['films']
1981,9713,['1974']
1982,20745,['films']
1983,21388,['films']
1984,11528,['actors']
1985,8011,['American']
1986,32321,['films']
1987,15451,['American']
1988,5083,['People']
1989,9898,['American']
1990,13838,['American']
1991,6027,['Maltz']
1992,12390,['American']
1993,7551,['1922']
1994,16606,['films']
1995,25711,['films']
1996,19367,['films']
1997,18472,['films']
1998,17932,['films']
1999,24273,['films']
2000,27257,['albums']
2001,9318,['Welsh']
2002,5566,['American']
2003,10818,['English']
2004,30949,['films']
2005,15186,['American']
2006,21176,['films']
2007,19053,['films']
2008,18614,['films']
2009,2480,['American']
2010,21003,['films']
2011,32074,['films']
2012,2564,['Canadian']
2013,358,['French']
2014,34063,['2009']
2015,27054,['films']
2016,2006,['American']
2017,10077,['American']
2018,7778,['actors']
2019,18674,['films']
2020,21182,['films']
2021,21520,['films']
2022,32130,['films']
2023,28895,['2007']
2024,32851,['films']
2025,14842,['American']
2026,27093,['films']
2027,8449,['American']
2028,11718,['1926']
2029,1063,['American']
2030,22899,['films']
2031,20931,['films']
2032,20017,['films']
2033,16051,['actors']
2034,12290,['1905']
2035,33650,['1984']
2036,7092,['American']
2037,22038,['films']
2038,6195,['California']
2039,14104,['Canadian']
2040,11704,['English']
2041,18587,['films']
2042,13481,['actors']
2043,17959,['films']
2044,9785,['American']
2045,31648,['films']
2046,3609,['Indian']
2047,8782,['1963']
2048,19666,['films']
2049,25511,['Films']
2050,24159,['films']
2051,23669,['films']
2052,33665,['films']
2053,17849,['films']
2054,4903,['American']
2055,4171,['Canadian']
2056,2304,['Australian']
2057,28109,['films']
2058,7028,['American']
2059,6516,['people']
2060,27407,['films']
2061,25168,['films']
2062,26098,['films']
2063,17819,['films']
2064,25951,['films']
2065,18841,['films']
2066,8448,['people']
2067,23412,['films']
2068,19681,['films']
2069,4923,['Italian']
2070,27889,['films']
2071,24969,['films']
2072,16923,['films']
2073,25606,['films']
2074,28798,['films']
2075,2307,['Comedy']
2076,10227,['American']
2077,13744,['actors']
2078,30773,['films']
2079,14642,['American']
2080,715,['Americans']
2081,11435,['English']
2082,3063,['American']
2083,30776,['films']
2084,4371,['1913']
2085,11715,['1936']
2086,6599,['actors']
2087,9869,['German']
2088,2511,['Ning']
2089,26129,['films']
2090,27031,['films']
2091,9730,['Canadian']
2092,23826,['films']
2093,27867,['films']
2094,8310,['Canadian']
2095,15151,['Australian']
2096,8233,['American']
2097,15235,['American']
2098,13141,['English']
2099,18924,['films']
2100,701,['1969']
2101,34231,['comedy']
2102,17686,['films']
2103,33388,['films']
2104,18265,['films']
2105,13573,['American']
2106,34207,['2003']
2107,31845,['films']
2108,31286,['films']
2109,12786,['English']
2110,22291,['films']
2111,17600,['films']
2112,17948,['films']
2113,12170,['Animators']
2114,31533,['films']
2115,11140,['Serbian']
2116,12831,['Russian']
2117,30013,['films']
2118,29362,['films']
2119,2015,['people']
2120,6006,['American']
2121,6611,['New']
2122,15274,['American']
2123,10407,['actors']
2124,1822,['actors']
2125,15113,['Australian']
2126,22147,['films']
2127,26389,['films']
2128,11923,['American']
2129,21549,['films']
2130,31563,['films']
2131,11730,['American']
2132,15766,['American']
2133,4800,['people']
2134,8827,['American']
2135,34173,['2006']
2136,19214,['films']
2137,14420,['American']
2138,18525,['films']
2139,8249,['English']
2140,30803,['films']
2141,7199,['deaths']
2142,32060,['films']
2143,15076,['actors']
2144,10052,['1916']
2145,29718,['films']
2146,6157,['English']
2147,29589,['films']
2148,25449,['films']
2149,9219,['American']
2150,20334,['films']
2151,21816,['films']
2152,3263,['1972']
2153,16530,['films']
2154,27757,['films']
2155,17233,['Films']
2156,6748,['People']
2157,21411,['films']
2158,4581,['British']
2159,33063,['films']
2160,27594,['films']
2161,9731,['American']
2162,3380,['American']
2163,5959,['American']
2164,20564,['films']
2165,26855,['films']
2166,25587,['films']
2167,8847,['British']
2168,24965,['films']
2169,6449,['English']
2170,22235,['films']
2171,13956,['Canadian']
2172,13440,['Austrian']
2173,28957,['films']
2174,26691,['films']
2175,19466,['films']
2176,2165,['American']
2177,8624,['American']
2178,4448,['Paterson']
2179,10792,['American']
2180,9208,['American']
2181,1300,['1922']
2182,22193,['films']
2183,11093,['American']
2184,25663,['films']
2185,17484,['films']
2186,22661,['films']
2187,14348,['Michigan']
2188,4589,['American']
2189,6508,['American']
2190,27008,['films']
2191,15050,['American']
2192,21512,['films']
2193,8291,['American']
2194,461,['American']
2195,394,['English']
2196,1993,['actors']
2197,18744,['films']
2198,28187,['films']
2199,29901,['films']
2200,5439,['American']
2201,16897,['films']
2202,23594,['films']
2203,23011,['films']
2204,9353,['British']
2205,34268,['cats']
2206,12998,['Malaysian']
2207,19423,['films']
2208,8147,['1932']
2209,33784,['films']
2210,30593,['films']
2211,30539,['films']
2212,5905,['actors']
2213,22970,['films']
2214,14032,['actors']
2215,2473,['English']
2216,6824,['American']
2217,33166,['films']
2218,11862,['American']
2219,18656,['films']
2220,26514,['films']
2221,4356,['actors']
2222,26439,['films']
2223,31632,['films']
2224,31996,['films']
2225,25940,['films']
2226,5260,['American']
2227,31539,['British']
2228,2956,['1971']
2229,30898,['films']
2230,10341,['American']
2231,11023,['actors']
2232,15280,['American']
2233,19294,['films']
2234,23913,['films']
2235,25724,['films']
2236,20263,['films']
2237,26912,['films']
2238,32942,['films']
2239,5496,['actors']
2240,18830,['films']
2241,7646,['American']
2242,7942,['American']
2243,8434,['English']
2244,26038,['films']
2245,4905,['American']
2246,24858,['films']
2247,22343,['films']
2248,30603,['films']
2249,16751,['films']
2250,6899,['American']
2251,1760,['American']
2252,12639,['actors']
2253,4539,['Polish']
2254,20259,['films']
2255,10237,['People']
2256,15763,['New']
2257,6384,['American']
2258,8588,['American']
2259,14486,['American']
2260,34212,['comedy']
2261,33922,['films']
2262,27659,['films']
2263,28404,['films']
2264,11723,['African']
2265,28055,['films']
2266,10136,['Hong']
2267,14134,['film']
2268,28989,['films']
2269,30039,['films']
2270,30934,['films']
2271,26365,['films']
2272,11771,['American']
2273,7818,['American']
2274,13347,['English']
2275,13755,['Year']
2276,5207,['American']
2277,10062,['American']
2278,7267,['people']
2279,1690,['American']
2280,29450,['films']
2281,7700,['actors']
2282,18439,['films']
2283,4770,['American']
2284,23238,['films']
2285,21225,['films']
2286,17864,['films']
2287,19096,['films']
2288,21707,['films']
2289,1413,['New']
2290,33616,['films']
2291,13006,['American']
2292,32255,['films']
2293,32908,['films']
2294,32662,['films']
2295,31669,['films']
2296,3426,['1872']
2297,8917,['actors']
2298,22202,['films']
2299,23599,['films']
2300,15276,['American']
2301,11690,['Japanese']
2302,23693,['films']
2303,20548,['films']
2304,14305,['novelists']
2305,13391,['American']
2306,6564,['American']
2307,28463,['films']
2308,10655,['American']
2309,8926,['Scottish']
2310,4358,['English']
2311,17942,['films']
2312,33064,['films']
2313,27918,['films']
2314,31942,['films']
2315,1615,['people']
2316,19722,['films']
2317,8210,['American']
2318,22801,['films']
2319,23819,['films']
2320,20929,['films']
2321,19388,['films']
2322,29875,['films']
2323,1136,['British']
2324,28151,['films']
2325,6378,['American']
2326,4077,['American']
2327,15165,['Canadian']
2328,2890,['Australian']
2329,25008,['films']
2330,24090,['films']
2331,22179,['films']
2332,9625,['American']
2333,15633,['American']
2334,32070,['films']
2335,4175,['Danish']
2336,28433,['films']
2337,29247,['films']
2338,6403,['American']
2339,25194,['films']
2340,26658,['films']
2341,25480,['films']
2342,9254,['1922']
2343,23678,['films']
2344,28259,['films']
2345,21239,['films']
2346,13113,['American']
2347,10693,['Chicago']
2348,1033,['1899']
2349,1189,['Kansas']
2350,19068,['films']
2351,26328,['films']
2352,7593,['1965']
2353,9906,['American']
2354,10013,['actors']
2355,32139,['films']
2356,28182,['films']
2357,26163,['films']
2358,20671,['films']
2359,18102,['films']
2360,31785,['films']
2361,17564,['films']
2362,18117,['films']
2363,20561,['films']
2364,33105,['films']
2365,3179,['1961']
2366,4741,['American']
2367,11486,['American']
2368,17300,['films']
2369,32938,['films']
2370,27419,['films']
2371,19600,['films']
2372,33151,['films']
2373,34153,['Flintstones']
2374,18683,['films']
2375,29693,['films']
2376,5700,['American']
2377,30578,['films']
2378,30748,['films']
2379,16919,['films']
2380,31992,['films']
2381,4690,['American']
2382,6525,['French']
2383,25106,['films']
2384,25114,['films']
2385,12710,['American']
2386,30147,['films']
2387,733,['actors']
2388,2376,['Italian']
2389,22342,['films']
2390,33350,['films']
2391,10896,['Orlean']
2392,28341,['films']
2393,22677,['films']
2394,22545,['films']
2395,11029,['actors']
2396,21015,['films']
2397,20385,['films']
2398,12025,['actors']
2399,3093,['Canadian']
